{
 "ours_30000": {
  "SSIM": 0.9857158064842224,
  "PSNR": 39.36740493774414,
  "LPIPS": 0.10494241863489151
 }
}