{
 "ours_30000": {
  "SSIM": {
   "00243.png": 0.9826377630233765,
   "00244.png": 0.9872920513153076,
   "00245.png": 0.9873790740966797,
   "00246.png": 0.9863954186439514,
   "00247.png": 0.9855949282646179,
   "00248.png": 0.9857804775238037,
   "00249.png": 0.9895188212394714,
   "00250.png": 0.9865381717681885,
   "00251.png": 0.9850806593894958,
   "00252.png": 0.9839405417442322,
   "00253.png": 0.9842070937156677,
   "00254.png": 0.9884031414985657,
   "00255.png": 0.9860442280769348,
   "00256.png": 0.9853155612945557,
   "00257.png": 0.9851987957954407,
   "00258.png": 0.985503613948822,
   "00259.png": 0.9878045916557312,
   "00260.png": 0.9857255816459656,
   "00261.png": 0.9849454760551453,
   "00262.png": 0.9847128987312317,
   "00263.png": 0.9812008738517761,
   "00264.png": 0.9856255054473877,
   "00265.png": 0.9835959672927856,
   "00266.png": 0.9802467823028564,
   "00267.png": 0.981724739074707,
   "00268.png": 0.9816855788230896,
   "00269.png": 0.9846552610397339,
   "00270.png": 0.9852417707443237,
   "00271.png": 0.9861099720001221,
   "00272.png": 0.9865135550498962,
   "00273.png": 0.9852278232574463,
   "00274.png": 0.9893377423286438,
   "00275.png": 0.9862770438194275,
   "00276.png": 0.9852679967880249,
   "00277.png": 0.9854437112808228,
   "00278.png": 0.9852277040481567,
   "00279.png": 0.9892712235450745,
   "00280.png": 0.9870967268943787,
   "00281.png": 0.9864833950996399,
   "00282.png": 0.9864345788955688,
   "00283.png": 0.9863207340240479,
   "00284.png": 0.990145206451416,
   "00285.png": 0.9886234998703003
  },
  "PSNR": {
   "00243.png": 38.60398864746094,
   "00244.png": 38.16061019897461,
   "00245.png": 39.762901306152344,
   "00246.png": 38.89680862426758,
   "00247.png": 38.243080139160156,
   "00248.png": 40.304771423339844,
   "00249.png": 41.03603744506836,
   "00250.png": 41.650699615478516,
   "00251.png": 41.079463958740234,
   "00252.png": 40.59372329711914,
   "00253.png": 40.96641159057617,
   "00254.png": 40.90620422363281,
   "00255.png": 39.908531188964844,
   "00256.png": 39.74651336669922,
   "00257.png": 38.66743469238281,
   "00258.png": 38.70113754272461,
   "00259.png": 39.12827682495117,
   "00260.png": 38.23466491699219,
   "00261.png": 39.4495964050293,
   "00262.png": 40.3873405456543,
   "00263.png": 32.80236053466797,
   "00264.png": 33.97403335571289,
   "00265.png": 33.93797302246094,
   "00266.png": 34.579715728759766,
   "00267.png": 38.12360763549805,
   "00268.png": 38.73637008666992,
   "00269.png": 37.796424865722656,
   "00270.png": 38.6055908203125,
   "00271.png": 39.589149475097656,
   "00272.png": 39.72282028198242,
   "00273.png": 40.653541564941406,
   "00274.png": 41.14877700805664,
   "00275.png": 40.806434631347656,
   "00276.png": 39.893943786621094,
   "00277.png": 40.321693420410156,
   "00278.png": 40.700870513916016,
   "00279.png": 39.48581314086914,
   "00280.png": 41.693782806396484,
   "00281.png": 40.49343490600586,
   "00282.png": 41.035247802734375,
   "00283.png": 40.884239196777344,
   "00284.png": 41.85115051269531,
   "00285.png": 41.53316116333008
  },
  "LPIPS": {
   "00243.png": 0.1203140914440155,
   "00244.png": 0.08903336524963379,
   "00245.png": 0.09738457202911377,
   "00246.png": 0.10579448938369751,
   "00247.png": 0.11476217210292816,
   "00248.png": 0.11950375139713287,
   "00249.png": 0.07924963533878326,
   "00250.png": 0.10804738104343414,
   "00251.png": 0.1169925183057785,
   "00252.png": 0.12126646935939789,
   "00253.png": 0.11926434189081192,
   "00254.png": 0.08022689819335938,
   "00255.png": 0.09759515523910522,
   "00256.png": 0.10911095142364502,
   "00257.png": 0.10950474441051483,
   "00258.png": 0.10856860876083374,
   "00259.png": 0.08078612387180328,
   "00260.png": 0.09863415360450745,
   "00261.png": 0.11304666101932526,
   "00262.png": 0.12031669914722443,
   "00263.png": 0.11902036517858505,
   "00264.png": 0.08968506753444672,
   "00265.png": 0.10407093912363052,
   "00266.png": 0.12439590692520142,
   "00267.png": 0.11966824531555176,
   "00268.png": 0.12153810262680054,
   "00269.png": 0.09230013191699982,
   "00270.png": 0.1062452644109726,
   "00271.png": 0.10488249361515045,
   "00272.png": 0.1069822609424591,
   "00273.png": 0.11244494467973709,
   "00274.png": 0.08306614309549332,
   "00275.png": 0.1073962077498436,
   "00276.png": 0.11334360390901566,
   "00277.png": 0.1153378039598465,
   "00278.png": 0.11811338365077972,
   "00279.png": 0.08347123861312866,
   "00280.png": 0.10005469620227814,
   "00281.png": 0.1046396940946579,
   "00282.png": 0.10479200631380081,
   "00283.png": 0.10629666596651077,
   "00284.png": 0.07627066969871521,
   "00285.png": 0.0891050323843956
  }
 }
}